{"sections":{"main":{"type":"article-template","blocks":{"9518ced8-2652-496b-8024-d7cf63b59e21":{"type":"search","settings":{"widget_title":"Search"}},"7198ac38-0e3e-4966-89b7-757e847608f2":{"type":"recent_post","settings":{"recent_post_title":"Recent Post","recent_post_limit_handle":5}},"da9f2c34-f629-460f-86bd-48a2ca31c122":{"type":"archive","settings":{"archive_title":"Archive"}},"23dcc533-5553-41be-9925-98dad6f65825":{"type":"tag","settings":{"blog_tags_title":"Tags","blog_tags_list_limit_handle":10}}},"block_order":["9518ced8-2652-496b-8024-d7cf63b59e21","7198ac38-0e3e-4966-89b7-757e847608f2","da9f2c34-f629-460f-86bd-48a2ca31c122","23dcc533-5553-41be-9925-98dad6f65825"],"settings":{"comment_post_limit_handle":5,"sidebar_handle":"right_sidebar_handle"}}},"order":["main"]}