{"sections":{"main":{"type":"blog-template","blocks":{"340c5946-2843-403e-aa2e-e033f9a112f3":{"type":"search","settings":{"widget_title":"Search"}},"23a302d8-3f68-46e5-8fae-658d74f300db":{"type":"recent_post","settings":{"recent_post_title":"Recent Post","recent_post_limit_handle":5}},"478c07fb-fdb4-4af0-9c36-0e618f9294d0":{"type":"archive","settings":{"archive_title":"Archive"}},"9502c24a-a31c-4163-8fb5-c67504ddcae6":{"type":"tag","settings":{"blog_tags_title":"Tags","blog_tags_list_limit_handle":10}}},"block_order":["340c5946-2843-403e-aa2e-e033f9a112f3","23a302d8-3f68-46e5-8fae-658d74f300db","478c07fb-fdb4-4af0-9c36-0e618f9294d0","9502c24a-a31c-4163-8fb5-c67504ddcae6"],"settings":{"blog_style":"blog_style_2","blog_date_enable":true,"author_name_enable":false,"blog_description_enable":true,"auther_image":"shopify:\/\/shop_images\/author.png","author_title":"Author","blog_limit_handle":3,"blog_column":"6","blog_column_md":"6","blog_column_xs":"12","sidebar_handle":"right_sidebar_handle"}}},"order":["main"]}