{"sections":{"main":{"type":"cart-template","settings":{"table_image_title":"Image","table_product_title":"Product","table_price_title":"Price","table_quantity_title":"Quantity","table_total_title":"Total","table_reomove_title":"Remove","update_button_title":"","continue_shopping_title":"Continue Shopping","clear_cart_title":"Clear Cart","cart_vendor_enable":false,"delivery_date_enable":true,"delivery_title":"Delivery Date","delivery_date_title":"Pick a delivery date:","delivery_note":"We do not deliver during the week-end.","weekend_handle":"default","weekend":"day != 1 && day != 3 && day != 5","cart_feature":"cart_note","shipping_calculator_heading":"Get shipping estimates","shipping_calculator_button_title":"Calculate shipping","cart_note_title":"Special instructions for seller","cart_total_heading_title":"Cart Totals","cart_subtotal_title":"Subtotal","cart_total_title":"Total","checkout_button_title":"Proceed to Checkout","shopping_cart_title":"Shopping Cart","cart_empty_title":"Your cart is currently empty.","cart_continue_title":"Continue browsing","here_title":"here"}}},"order":["main"]}