{"sections":{"main":{"type":"collection-template","blocks":{"dd2cf41e-b1b2-4904-b1dd-3d85169d7cef":{"type":"search","settings":{"widget_title":"Search"}},"79799e0c-dcce-4a31-a94f-41c34711f7e5":{"type":"category","settings":{"widget_title":"Categories","categories_list_limit_hanlde":15}},"4216ea17-dc72-4a8c-b62a-eaa0cdbc59ab":{"type":"vendor","settings":{"widget_title":"Vendors","vendors_list_limit_hanlde":5}},"22e13678-77d8-407e-8d5a-1ab47ec93450":{"type":"type","settings":{"widget_title":"Products Types","types_list_limit_hanlde":5}},"a14e65a2-3919-438d-b50a-0326ed883dac":{"type":"color","settings":{"widget_title":"Color","color_picker":"red, green, blue, yellow, white, gold, gray, magenta, maroon, navy, purple, violet, black, pink, orange, silver","colors_list_limit_hanlde":10}},"4887e55c-b3c5-4dfe-a674-99da49025727":{"type":"size","settings":{"widget_title":"Size","size_picker":"s, m, l, xl, xxl","size_list_limit_hanlde":5}},"9cf6505d-2acb-4701-a371-71224936e4a7":{"type":"banner","settings":{"widget_title":"Banner","banner_image_url":"shopify:\/\/collections\/best-sale"}},"11443061-23e9-446c-a7e1-bab98f05e360":{"type":"tag","disabled":true,"settings":{"widget_title":"Tags","tags_list_limit_hanlde":15}}},"block_order":["dd2cf41e-b1b2-4904-b1dd-3d85169d7cef","79799e0c-dcce-4a31-a94f-41c34711f7e5","4216ea17-dc72-4a8c-b62a-eaa0cdbc59ab","22e13678-77d8-407e-8d5a-1ab47ec93450","a14e65a2-3919-438d-b50a-0326ed883dac","4887e55c-b3c5-4dfe-a674-99da49025727","9cf6505d-2acb-4701-a371-71224936e4a7","11443061-23e9-446c-a7e1-bab98f05e360"],"settings":{"collection_description_enable":true,"products_limit_handle":21,"product_column":"4","product_column_md":"4","product_column_sm":"6","popup_filter_enble":true,"tab_bar_enable":true,"showing_product_counter_enable":true,"showing_title_handle":"Showing | of | result","short_by_enable":true,"sidebar_handle":"left_sidebar_handle","collection_filtering_handle":"storefront_filtering"}}},"order":["main"]}