{"sections":{"main":{"type":"contact-template","disabled":true,"settings":{"page_title_enable":true,"page_content_enable":true}},"contact-information":{"type":"contact-information","settings":{"contact_infomation":true,"contact_form":true,"contact_form_title":"MAKE CUSTOM REQUEST","section_sub_title":"Contact Us","title_image_1":"shopify:\/\/shop_images\/wvbo-icon.png","name_placeholder":"Full Name","email_placeholder":"E-mail Address","phone_placeholder":"Phone Number","subject_placeholder":"Subject...","message_placeholder":"Enter message","form_button_name":"Get A Quote","contact_address":true,"contact_address_title":"GET IN TOUCH","contact_content":"","contact_address_1":"24\/26 Strait Bargate, Boston, PE21, United Kingdom","contact_mail":"E-mail: info@yourdomain.com","contact_number":"+098 (905) 786 897 8   6 - 146 - 389 - 5748","contact_hours":"Store Hours:  10 am - 10 pm EST, 7 days a week","support_call":"Get Support On Call","support_call_url":"shopify:\/\/pages\/contact","direction_call":"Get Direction","direction_call_url":"shopify:\/\/pages\/contact","schedule_title":"Working Hours","schedule_content":"<p>Monday – Saturday:08AM – 22PM<\/p>"}},"google-map":{"type":"google-map","settings":{"google_map_enable":true,"map_api_key":"AIzaSyCfmCVTjRI007pC1Yk2o2d_EhgkjTsFVN8","latitude":"23.7637313","longitude":"90.4294556","google_map_code":"https:\/\/www.google.com\/maps\/embed?pb=!1m14!1m8!1m3!1d3651.0452483624595!2d90.424043!3d23.781403!3m2!1i1024!2i768!4f13.1!3m3!1m2!1s0x0%3A0x3cc42b4e4b430164!2sReacThemes!5e0!3m2!1sen!2sbd!4v1656420500360!5m2!1sen!2sbd"}}},"order":["main","contact-information","google-map"]}