{"sections":{"main":{"type":"about-template","disabled":true,"settings":{"page_title_enable":true,"page_content_enable":true}},"about-info":{"type":"about-info","settings":{"about_image":"shopify:\/\/shop_images\/img-1_97c574c6-2bfc-40df-922b-ae92acac0ca0.jpg","about_image_2":"shopify:\/\/shop_images\/img-2_e7fe3fa9-4ec1-41e1-bed4-8f0fd9636772.jpg","title":"About Our Story","highlight_content":"Since From 2000","title_image_1":"shopify:\/\/shop_images\/wvbo-icon.png","title_image_2":"shopify:\/\/shop_images\/wvbo-icon.png","content_1":"<p>Publish your eCommerce site quickly with our easy-to-use builder— no coding required. Migrate your items from your point of sale system or turn your Instagram feed into a shop site and start selling fast. Square Online works for all kinds of businesses—retail, restaurants, services without costly customization or add ons. Get orders to your customers in of ways by offering shipping, pickup, delivery, and even QR code ordering.<\/p>","content_2":"<p>Expand your reach and sell more using seamless integrations Google, Instagram, Facebook, and more. Built- in SEO tools make easy for shoppers to find your business on search engines. Get access to the entire suite of integrated Square solutions help run your business. Integration between Square Online and all Square point of sale systems makes inventory management Subscribe to Square Marketing and easily send email  to your customers.<\/p>","service_list_1":"Orders go right to your restaurant points","service_list_1_url":"shopify:\/\/pages\/about","service_list_2":"Provide in-person pickup, & delivery by professional","service_list_2_url":"shopify:\/\/pages\/about","service_list_3":"Offer in-person diners self serve, contactless","service_list_3_url":"shopify:\/\/pages\/about","image_position_right":false,"section_color_enable":false,"title_color":"#d1d1d1","sub_title_color":"#222222","content_color":"#555555"}},"team-member":{"type":"team-member","blocks":{"498a1eb0-2271-4335-b4c7-0105eb347c3f":{"type":"team_member","settings":{"team_image":"shopify:\/\/shop_images\/1_4db5db56-5c89-478f-8795-c272c1e62ad9.jpg","member_name":"Richard John","member_designation":"Founder","facebook_name":"facebook","facebook_url":"shopify:\/\/pages\/about","twitter_name":"twitter","twitter_url":"shopify:\/\/pages\/about","linkedin_name":"linkedin","linkedin_url":"shopify:\/\/pages\/about"}},"78b9acaf-1289-4815-8efd-8da91c4f926a":{"type":"team_member","settings":{"team_image":"shopify:\/\/shop_images\/2_83b1ca80-0017-4666-8a95-8ba9e99d2203.jpg","member_name":"Larry Mord","member_designation":"Founder","facebook_name":"facebook","facebook_url":"shopify:\/\/pages\/about","twitter_name":"twitter","twitter_url":"shopify:\/\/pages\/about","linkedin_name":"linkedin","linkedin_url":"shopify:\/\/pages\/about"}},"9619f233-9bf4-4a6c-a844-868e5d0d7536":{"type":"team_member","settings":{"team_image":"shopify:\/\/shop_images\/3_d867106f-69ef-48f6-9af9-ae744d37c035.jpg","member_name":"Tom Ashik","member_designation":"Founder","facebook_name":"facebook","facebook_url":"shopify:\/\/pages\/about","twitter_name":"twitter","twitter_url":"shopify:\/\/pages\/about","linkedin_name":"linkedin","linkedin_url":"shopify:\/\/pages\/about"}},"ea04e5a6-a165-4bda-84c1-7cbd463f054a":{"type":"team_member","settings":{"team_image":"shopify:\/\/shop_images\/4_539823f1-6a02-478f-b9bf-4261c4a7156d.jpg","member_name":"John Milo","member_designation":"Founder","facebook_name":"facebook","facebook_url":"shopify:\/\/pages\/about","twitter_name":"twitter","twitter_url":"shopify:\/\/pages\/about","linkedin_name":"linkedin","linkedin_url":"shopify:\/\/pages\/about"}}},"block_order":["498a1eb0-2271-4335-b4c7-0105eb347c3f","78b9acaf-1289-4815-8efd-8da91c4f926a","9619f233-9bf4-4a6c-a844-868e5d0d7536","ea04e5a6-a165-4bda-84c1-7cbd463f054a"],"settings":{"team_member_enable":true,"section_title":"Our Team","section_sub_title":"Team","title_image_1":"shopify:\/\/shop_images\/wvbo-icon.png","title_image_2":"shopify:\/\/shop_images\/wvbo-icon.png","product_column":"3","product_column_md":"4","product_column_sm":"6"}},"about_features_area_PbRQJU":{"type":"about-features-area","settings":{"about_image":"shopify:\/\/shop_images\/features-1.jpg","section_title":"Solutions That Work Together","section_sub_title":"Features #01","title_image_1":"shopify:\/\/shop_images\/wvbo-icon.png","title_image_2":"shopify:\/\/shop_images\/wvbo-icon.png","content_1":"Publish your eCommerce site quickly with our easy-to-use store builder— no coding required. Migrate your items from your point of sale system or turn your Instagram feed into a shopping site and start selling fast. Square Online works  for all kinds of businesses—retail, restaurants, services.","button_name":"Get In Touch","button_name_url":"shopify:\/\/pages\/about","about_image_2":"shopify:\/\/shop_images\/features-2.jpg","section_title_2":"All Kinds of Payments Securely","section_sub_title_2":"Features #01","title_image_3":"shopify:\/\/shop_images\/wvbo-icon.png","title_image_4":"shopify:\/\/shop_images\/wvbo-icon.png","content_2":"Publish your eCommerce site quickly with our easy-to-use store builder— no coding required. Migrate your items from your point of sale system or turn your Instagram feed into a shopping site and start selling fast. Square Online works  for all kinds of businesses—retail, restaurants, services.","button_name_2":"Contact With Us","button_name_2_url":"shopify:\/\/pages\/about"}}},"order":["main","about-info","team-member","about_features_area_PbRQJU"]}