{"sections":{"product-template-2":{"type":"product-template-2","blocks":{"vendor_and_review_tPNDM3":{"type":"vendor_and_review","settings":{"review_handle":"shopify_review"}},"title_and_inventory_7ajJUj":{"type":"title_and_inventory","settings":{"in_stock_title":"In stock","left_in_stock_title":"left in stock","out_of_stock_title":"Out of stock"}},"price_T9jpXp":{"type":"price","settings":{}},"description_XFxWGk":{"type":"description","settings":{"product_description_handle":"short_description","truncateletter_count_handle":250}},"variants_ygwyTA":{"type":"variants","settings":{"product_variant_handle":"product_variant_swatch_option","show_variant_image":true,"swatch_large_image_enable":true,"customer_choose_option_enable":false,"text_transform":"none"}},"action_buttons_jEVgdW":{"type":"action_buttons","settings":{"quantity_title":"qty:","dynamic_checkout_button_enable":true,"buy_it_now_button_title":"Buy it Now","soldout_product_notification_enable":true,"notification_text":"Click <a id=\"notify-me\" href=\"#\"><strong>here<\/strong><\/a> to be notified by email when this product becomes available.","notification_success_message":"Thanks! We will notify you when this product becomes available!","error_text":"Please provide a valid email address.","send_button_title":"Send","compare_button_title":"Compare","contact_form_enable":true,"contact_form_button_title":"Ask about this product","contact_form_title":"Have a question?","name_placeholder":"Name","email_placeholder":"Email","url_placeholder":"Product URL","message_placeholder":"Message","form_button_name":"Send","section_color_enable":false,"buynow_button_text_color":"#ffffff","buynow_button_bg_color":"#000000","buynow_button_text_hover_color":"#ffffff","buynow_button_bg_hover_color":"#c29958"}},"sku_categories_and_tag_q6iEfp":{"type":"sku_categories_and_tag","settings":{"product_sku_title":"SKU:","tag_enable":true,"categories_enable":true,"categories_title":"Categories:","categories_list_limit_handle":"3","tag_title":"Tags:","tags_list_limit_hanlde":"3"}},"share_and_payment_FEnVPB":{"type":"share_and_payment","settings":{"social_share_enable":true,"social_title":"Share:","payment_option_enable":true,"payment_information":"<p>Guaranteed safe checkout<\/p>","payment_icon":"custom_icon","amazon_payments":true,"american_express":false,"apple_pay":true,"bitcoin":true,"dankort":false,"diners_club":false,"discover":false,"dogecoin":false,"dwolla":false,"Forbrugsforeningen":false,"google_pay":true,"jcb":false,"klarna":false,"litecoin":false,"maestro":false,"master":false,"paypal":true,"shopify_pay":false,"sofort":false,"visa":true}}},"block_order":["vendor_and_review_tPNDM3","title_and_inventory_7ajJUj","price_T9jpXp","description_XFxWGk","variants_ygwyTA","action_buttons_jEVgdW","sku_categories_and_tag_q6iEfp","share_and_payment_FEnVPB"],"settings":{"product_media_enable":true,"content_handle":"content_in_right","product_style":"product_default","product_zoom_enable":true,"zoom_type":"inner","product_popup_enable":true,"view_on_space_title":"View on Space","sticky_cart_enable":true}},"single-product-tab-2":{"type":"single-product-tab-2","blocks":{"judge_me_reviews_review_widget_qbtJUT":{"type":"shopify:\/\/apps\/judge-me-reviews\/blocks\/review_widget\/61ccd3b1-a9f2-4160-9fe9-4fec8413e5d8","settings":{}}},"block_order":["judge_me_reviews_review_widget_qbtJUT"],"settings":{"product_tab_enable":true,"tab_active_handle":"info_tab","product_info_tab_enable":true,"product_info_tab_title":"Description","product_review_tab_enable":true,"product_review_tab_title":"Reviews","review_handle":"shopify_review","product_video_title":"Video","product_comments_enable":true,"product_comments_title":"Comments","product_page_comments_box":"facebook_comment","facebook_comments_post_limit":"10","disqus_shortname":"demo-store","product_size_enable":true,"product_size_title":"Size Chart","custom_tab_handle":"size-chart"}},"product-recommendations-2":{"type":"product-recommendations-2","settings":{"section_title":"RELATED PRODUCT","related_product_limit_handle":4}},"recently-viewed-product-2":{"type":"recently-viewed-product-2","settings":{"section_title":"Recently Viewed"}}},"order":["product-template-2","single-product-tab-2","product-recommendations-2","recently-viewed-product-2"]}