{"type":"footer","name":"Footer","sections":{"footer":{"type":"footer","blocks":{"1563181946119":{"type":"about","settings":{"logo":"shopify:\/\/shop_images\/logo1.svg","logo_width":300,"ratina_logo_enable":false,"about_content":"Solid is the information & experience directed at an end-user","margin_top_enable":false,"time_title":"Mon - Fri: 9:00-20:00","time_contact":"0020 500 - CALL - 000","support_title":"Get Free Support","support_emain":"info@webmail.com","social_icon_1_name":"facebook","social_icon_1_link":"shopify:\/\/pages\/about","social_icon_2_name":"youtube","social_icon_2_link":"shopify:\/\/pages\/about","social_icon_3_name":"twitter","social_icon_3_link":"shopify:\/\/pages\/about","social_icon_4_name":"linkedin","social_icon_4_link":"shopify:\/\/pages\/about","widget_column":3,"widget_column_md":6,"widget_column_sm":6}},"contact_qiDLe3":{"type":"contact","settings":{"widget_title":"About Us","content":"Elegant pink origami design three type of dimensional view and decoration co Great for adding a decorative touch to any room’s decor.","buttont_title":"Get In Touch","buttont_url":"shopify:\/\/pages\/about","widget_column":3,"widget_column_md":6,"widget_column_sm":6}},"menu_LYM3qQ":{"type":"menu","settings":{"widget_title":"Information","menu_handle":"information","grid_view_enable":true,"margin_top_enable":false,"widget_column":13,"widget_column_md":6,"widget_column_sm":6}},"1563186251632":{"type":"menu","settings":{"widget_title":"My Account","menu_handle":"my-account","grid_view_enable":true,"margin_top_enable":false,"widget_column":13,"widget_column_md":6,"widget_column_sm":6}},"1563252960776":{"type":"newsletter","settings":{"widget_title":"Get Newsletter","newsletter_content":"<p>Get 10% off your first order! Hurry up<\/p>","margin_top_enable":true,"widget_column":25,"widget_column_md":6,"widget_column_sm":6}},"payment_image_FxziCP":{"type":"payment_image","settings":{"widget_title":"Order faster with our App!","app_image_1":"shopify:\/\/shop_images\/appstore.jpg","app_image_1_url":"shopify:\/\/pages\/about","app_image_2":"shopify:\/\/shop_images\/playstore.jpg","app_image_2_url":"shopify:\/\/pages\/about","payment_image":"shopify:\/\/shop_images\/payment2.svg"}}},"block_order":["1563181946119","contact_qiDLe3","menu_LYM3qQ","1563186251632","1563252960776","payment_image_FxziCP"],"settings":{"header_style":"header_style_2","footer_bottom_bg_color":"#111111","footer_copyright_anchor_color":"#777777","service_title_1":"International Shipment","service_content_1":"Orders are shipped seamlessly between countries","service_title_2":"Online Support 24\/7","service_content_2":"Orders are shipped seamlessly between countries","service_title_3":"Money Return","service_content_3":"Orders are shipped seamlessly between countries","service_title_4":"Member Discount","service_content_4":"Orders are shipped seamlessly between countries","copy_ritht_text_enable":true,"copy_ritht_text":"<p>Copyright & Design By <a href=\"http:\/\/reacthemes.com\" target=\"_blank\">Reacthemes<\/a> -2024<\/p>","payment_image_enable":true,"section_color_enable":false,"footer_top_bg_color":"#f7f7f7","footer_top_color":"#555555","footer_top_widget_color":"#222222","footer_top_menu_color":"#555555","footer_top_menu_hover_color":"#c29958","footer_newsletter_border_color":"#bcbcbc","footer_newsletter_button_color":"#424242","footer_newsletter_button_hover_color":"#424242","social_link_color":"#777777","social_link_bg_color":"#ffffff","social_link_border_color":"#dedede","social_link_hover_color":"#777777","social_link_hover_bg_color":"#424242","social_link_hover_border_color":"#424242","copyright_bg_color":"#ffffff","copyright_text_color":"#555555","snow_enable":false}}},"order":["footer"]}